DATABASE,YEAR,group,n,percentage,DB_KEY
THIN,2008,methotrexate,203,0.5087719298245614,THIN
THIN,2008,sulfasalazine,121,0.3032581453634085,THIN
THIN,2008,leflunomide,8,0.020050125313283207,THIN
THIN,2008,hydroxychloroquine,59,0.14786967418546365,THIN
THIN,2008,Other DMARDs & Minocycline,8,0.020050125313283207,THIN
THIN,2009,methotrexate,218,0.45416666666666666,THIN
THIN,2009,sulfasalazine,146,0.30416666666666664,THIN
THIN,2009,leflunomide,5,0.010416666666666666,THIN
THIN,2009,hydroxychloroquine,99,0.20625,THIN
THIN,2009,Other DMARDs & Minocycline,6,0.0125,THIN
THIN,2009,methotrexate +  hydroxychloroquine,6,0.0125,THIN
THIN,2010,methotrexate,214,0.4582441113490364,THIN
THIN,2010,sulfasalazine,112,0.2398286937901499,THIN
THIN,2010,leflunomide,8,0.017130620985010708,THIN
THIN,2010,hydroxychloroquine,109,0.2334047109207709,THIN
THIN,2010,Other DMARDs & Minocycline,13,0.0278372591006424,THIN
THIN,2010,methotrexate +  hydroxychloroquine,11,0.023554603854389723,THIN
THIN,2011,methotrexate,224,0.4609053497942387,THIN
THIN,2011,sulfasalazine,114,0.2345679012345679,THIN
THIN,2011,leflunomide,14,0.02880658436213992,THIN
THIN,2011,hydroxychloroquine,115,0.2366255144032922,THIN
THIN,2011,Other DMARDs & Minocycline,8,0.01646090534979424,THIN
THIN,2011,methotrexate +  hydroxychloroquine,11,0.02263374485596708,THIN
THIN,2012,methotrexate,233,0.4429657794676806,THIN
THIN,2012,sulfasalazine,100,0.19011406844106463,THIN
THIN,2012,leflunomide,14,0.026615969581749048,THIN
THIN,2012,hydroxychloroquine,156,0.2965779467680608,THIN
THIN,2012,Other DMARDs & Minocycline,9,0.017110266159695818,THIN
THIN,2012,methotrexate +  hydroxychloroquine,14,0.026615969581749048,THIN
THIN,2013,methotrexate,251,0.4718045112781955,THIN
THIN,2013,sulfasalazine,99,0.18609022556390978,THIN
THIN,2013,leflunomide,12,0.022556390977443608,THIN
THIN,2013,hydroxychloroquine,142,0.2669172932330827,THIN
THIN,2013,Other DMARDs & Minocycline,14,0.02631578947368421,THIN
THIN,2013,methotrexate +  hydroxychloroquine,14,0.02631578947368421,THIN
THIN,2014,methotrexate,203,0.4572072072072072,THIN
THIN,2014,sulfasalazine,89,0.20045045045045046,THIN
THIN,2014,hydroxychloroquine,107,0.240990990990991,THIN
THIN,2014,Other DMARDs & Minocycline,21,0.0472972972972973,THIN
THIN,2014,methotrexate +  hydroxychloroquine,24,0.05405405405405406,THIN
THIN,2015,methotrexate,165,0.4198473282442748,THIN
THIN,2015,sulfasalazine,74,0.18829516539440203,THIN
THIN,2015,leflunomide,8,0.020356234096692113,THIN
THIN,2015,hydroxychloroquine,118,0.30025445292620867,THIN
THIN,2015,Other DMARDs & Minocycline,13,0.033078880407124686,THIN
THIN,2015,methotrexate +  hydroxychloroquine,15,0.03816793893129771,THIN
THIN,2016,methotrexate,118,0.3881578947368421,THIN
THIN,2016,sulfasalazine,57,0.1875,THIN
THIN,2016,leflunomide,5,0.01644736842105263,THIN
THIN,2016,hydroxychloroquine,102,0.3355263157894737,THIN
THIN,2016,Other DMARDs & Minocycline,9,0.029605263157894735,THIN
THIN,2016,methotrexate +  hydroxychloroquine,13,0.04276315789473684,THIN
THIN,2017,methotrexate,78,0.36792452830188677,THIN
THIN,2017,sulfasalazine,49,0.23113207547169812,THIN
THIN,2017,leflunomide,8,0.03773584905660377,THIN
THIN,2017,hydroxychloroquine,65,0.30660377358490565,THIN
THIN,2017,Other DMARDs & Minocycline,4,0.018867924528301886,THIN
THIN,2017,methotrexate +  hydroxychloroquine,8,0.03773584905660377,THIN
SIDIAP,2008,methotrexate,86,0.7288135593220338,SIDIAP
SIDIAP,2008,leflunomide,32,0.2711864406779661,SIDIAP
SIDIAP,2009,methotrexate,125,0.7352941176470589,SIDIAP
SIDIAP,2009,leflunomide,45,0.2647058823529412,SIDIAP
SIDIAP,2010,methotrexate,130,0.8552631578947368,SIDIAP
SIDIAP,2010,leflunomide,22,0.14473684210526316,SIDIAP
SIDIAP,2011,methotrexate,102,0.864406779661017,SIDIAP
SIDIAP,2011,leflunomide,16,0.13559322033898305,SIDIAP
SIDIAP,2012,methotrexate,121,0.7076023391812866,SIDIAP
SIDIAP,2012,leflunomide,19,0.1111111111111111,SIDIAP
SIDIAP,2012,hydroxychloroquine,31,0.18128654970760233,SIDIAP
SIDIAP,2013,methotrexate,100,0.7142857142857143,SIDIAP
SIDIAP,2013,leflunomide,14,0.1,SIDIAP
SIDIAP,2013,hydroxychloroquine,26,0.18571428571428572,SIDIAP
SIDIAP,2014,methotrexate,98,0.6049382716049383,SIDIAP
SIDIAP,2014,sulfasalazine,7,0.043209876543209874,SIDIAP
SIDIAP,2014,leflunomide,18,0.1111111111111111,SIDIAP
SIDIAP,2014,hydroxychloroquine,39,0.24074074074074073,SIDIAP
SIDIAP,2015,methotrexate,131,0.7043010752688172,SIDIAP
SIDIAP,2015,sulfasalazine,7,0.03763440860215054,SIDIAP
SIDIAP,2015,leflunomide,11,0.05913978494623656,SIDIAP
SIDIAP,2015,hydroxychloroquine,37,0.1989247311827957,SIDIAP
SIDIAP,2016,methotrexate,65,0.5078125,SIDIAP
SIDIAP,2016,leflunomide,22,0.171875,SIDIAP
SIDIAP,2016,hydroxychloroquine,41,0.3203125,SIDIAP
Optum_Panther,2008,methotrexate,1803,0.4048955760161689,Optum_Panther
Optum_Panther,2008,sulfasalazine,137,0.030765775881428252,Optum_Panther
Optum_Panther,2008,leflunomide,220,0.04940489557601617,Optum_Panther
Optum_Panther,2008,hydroxychloroquine,722,0.16213788457219852,Optum_Panther
Optum_Panther,2008,Other DMARDs & Minocycline,1345,0.30204356613518973,Optum_Panther
Optum_Panther,2008,methotrexate +  hydroxychloroquine,226,0.05075230181899843,Optum_Panther
Optum_Panther,2009,methotrexate,2712,0.35963400079565044,Optum_Panther
Optum_Panther,2009,sulfasalazine,298,0.03951730539716218,Optum_Panther
Optum_Panther,2009,leflunomide,370,0.04906511072802015,Optum_Panther
Optum_Panther,2009,hydroxychloroquine,1308,0.1734517968439199,Optum_Panther
Optum_Panther,2009,Other DMARDs & Minocycline,2418,0.32064712902798037,Optum_Panther
Optum_Panther,2009,methotrexate +  hydroxychloroquine,435,0.05768465720726694,Optum_Panther
Optum_Panther,2010,methotrexate,2753,0.37338939373389396,Optum_Panther
Optum_Panther,2010,sulfasalazine,223,0.030245490302454905,Optum_Panther
Optum_Panther,2010,leflunomide,370,0.050183100501831,Optum_Panther
Optum_Panther,2010,hydroxychloroquine,1339,0.18160857181608572,Optum_Panther
Optum_Panther,2010,Other DMARDs & Minocycline,2284,0.3097789230977892,Optum_Panther
Optum_Panther,2010,methotrexate +  hydroxychloroquine,404,0.0547945205479452,Optum_Panther
Optum_Panther,2011,methotrexate,3333,0.3571198971391835,Optum_Panther
Optum_Panther,2011,sulfasalazine,296,0.03171541840780028,Optum_Panther
Optum_Panther,2011,leflunomide,412,0.04414443372977606,Optum_Panther
Optum_Panther,2011,hydroxychloroquine,1824,0.1954355512696882,Optum_Panther
Optum_Panther,2011,Other DMARDs & Minocycline,2988,0.3201542912246866,Optum_Panther
Optum_Panther,2011,methotrexate +  hydroxychloroquine,480,0.05143040822886532,Optum_Panther
Optum_Panther,2012,methotrexate,4340,0.35025421677023644,Optum_Panther
Optum_Panther,2012,sulfasalazine,318,0.025663788233395206,Optum_Panther
Optum_Panther,2012,leflunomide,589,0.047534500847389236,Optum_Panther
Optum_Panther,2012,hydroxychloroquine,2429,0.1960293761601162,Optum_Panther
Optum_Panther,2012,Other DMARDs & Minocycline,3959,0.31950609313211203,Optum_Panther
Optum_Panther,2012,methotrexate +  hydroxychloroquine,756,0.06101202485675087,Optum_Panther
Optum_Panther,2013,methotrexate,4929,0.3502202643171806,Optum_Panther
Optum_Panther,2013,sulfasalazine,417,0.02962910331107006,Optum_Panther
Optum_Panther,2013,leflunomide,636,0.0451897115247975,Optum_Panther
Optum_Panther,2013,hydroxychloroquine,2838,0.20164842972857752,Optum_Panther
Optum_Panther,2013,Other DMARDs & Minocycline,4463,0.31710956373454596,Optum_Panther
Optum_Panther,2013,methotrexate +  hydroxychloroquine,791,0.05620292738382834,Optum_Panther
Optum_Panther,2014,methotrexate,5072,0.3513438625658077,Optum_Panther
Optum_Panther,2014,sulfasalazine,457,0.031656968689387645,Optum_Panther
Optum_Panther,2014,leflunomide,662,0.0458575782765309,Optum_Panther
Optum_Panther,2014,hydroxychloroquine,3085,0.21370185646993628,Optum_Panther
Optum_Panther,2014,Other DMARDs & Minocycline,4382,0.30354668883347186,Optum_Panther
Optum_Panther,2014,methotrexate +  hydroxychloroquine,778,0.053893045164865615,Optum_Panther
Optum_Panther,2015,methotrexate,4599,0.3485411140583554,Optum_Panther
Optum_Panther,2015,sulfasalazine,461,0.03493747631678666,Optum_Panther
Optum_Panther,2015,leflunomide,626,0.04744221295945434,Optum_Panther
Optum_Panther,2015,hydroxychloroquine,2909,0.2204622963243653,Optum_Panther
Optum_Panther,2015,Other DMARDs & Minocycline,3905,0.2959454338764684,Optum_Panther
Optum_Panther,2015,methotrexate +  hydroxychloroquine,695,0.05267146646456991,Optum_Panther
Optum_Panther,2016,methotrexate,4314,0.34553464156988384,Optum_Panther
Optum_Panther,2016,sulfasalazine,475,0.03804565478574289,Optum_Panther
Optum_Panther,2016,leflunomide,553,0.044293151782138565,Optum_Panther
Optum_Panther,2016,hydroxychloroquine,2885,0.23107729275130157,Optum_Panther
Optum_Panther,2016,Other DMARDs & Minocycline,3620,0.28994793752503006,Optum_Panther
Optum_Panther,2016,methotrexate +  hydroxychloroquine,638,0.05110132158590308,Optum_Panther
Optum_Panther,2017,methotrexate,3630,0.3429057245418477,Optum_Panther
Optum_Panther,2017,sulfasalazine,472,0.044587190629132814,Optum_Panther
Optum_Panther,2017,leflunomide,486,0.04590969204609862,Optum_Panther
Optum_Panther,2017,hydroxychloroquine,2444,0.2308709616474589,Optum_Panther
Optum_Panther,2017,Other DMARDs & Minocycline,3034,0.2866049499338749,Optum_Panther
Optum_Panther,2017,methotrexate +  hydroxychloroquine,520,0.049121481201587,Optum_Panther
Optum_Panther,2018,methotrexate,732,0.33167195287720885,Optum_Panther
Optum_Panther,2018,sulfasalazine,97,0.04395106479383779,Optum_Panther
Optum_Panther,2018,leflunomide,105,0.047575894879927506,Optum_Panther
Optum_Panther,2018,hydroxychloroquine,514,0.23289533303126417,Optum_Panther
Optum_Panther,2018,Other DMARDs & Minocycline,636,0.2881739918441323,Optum_Panther
Optum_Panther,2018,methotrexate +  hydroxychloroquine,123,0.05573176257362936,Optum_Panther
Optum_DOD,2008,methotrexate,1247,0.4126406353408339,Optum_DOD
Optum_DOD,2008,sulfasalazine,191,0.06320317670416943,Optum_DOD
Optum_DOD,2008,leflunomide,142,0.04698874917273329,Optum_DOD
Optum_DOD,2008,hydroxychloroquine,706,0.23362011912640634,Optum_DOD
Optum_DOD,2008,Other DMARDs & Minocycline,641,0.21211118464592985,Optum_DOD
Optum_DOD,2008,methotrexate +  hydroxychloroquine,95,0.0314361350099272,Optum_DOD
Optum_DOD,2009,methotrexate,1069,0.45470012760527434,Optum_DOD
Optum_DOD,2009,sulfasalazine,118,0.05019140791152701,Optum_DOD
Optum_DOD,2009,leflunomide,88,0.03743088047639302,Optum_DOD
Optum_DOD,2009,hydroxychloroquine,635,0.27009783071033605,Optum_DOD
Optum_DOD,2009,Other DMARDs & Minocycline,357,0.15185027647809443,Optum_DOD
Optum_DOD,2009,methotrexate +  hydroxychloroquine,84,0.03572947681837516,Optum_DOD
Optum_DOD,2010,methotrexate,1053,0.4618421052631579,Optum_DOD
Optum_DOD,2010,sulfasalazine,118,0.05175438596491228,Optum_DOD
Optum_DOD,2010,leflunomide,67,0.029385964912280703,Optum_DOD
Optum_DOD,2010,hydroxychloroquine,657,0.2881578947368421,Optum_DOD
Optum_DOD,2010,Other DMARDs & Minocycline,307,0.13464912280701755,Optum_DOD
Optum_DOD,2010,methotrexate +  hydroxychloroquine,78,0.034210526315789476,Optum_DOD
Optum_DOD,2011,methotrexate,1152,0.48140409527789385,Optum_DOD
Optum_DOD,2011,sulfasalazine,110,0.045967404931048894,Optum_DOD
Optum_DOD,2011,leflunomide,59,0.024655244463017135,Optum_DOD
Optum_DOD,2011,hydroxychloroquine,689,0.28792310906811536,Optum_DOD
Optum_DOD,2011,Other DMARDs & Minocycline,305,0.1274550773088174,Optum_DOD
Optum_DOD,2011,methotrexate +  hydroxychloroquine,78,0.0325950689511074,Optum_DOD
Optum_DOD,2012,methotrexate,1143,0.46710257458111976,Optum_DOD
Optum_DOD,2012,sulfasalazine,97,0.039640375970576215,Optum_DOD
Optum_DOD,2012,leflunomide,82,0.03351042092357989,Optum_DOD
Optum_DOD,2012,hydroxychloroquine,723,0.29546383326522274,Optum_DOD
Optum_DOD,2012,Other DMARDs & Minocycline,320,0.13077237433592154,Optum_DOD
Optum_DOD,2012,methotrexate +  hydroxychloroquine,82,0.03351042092357989,Optum_DOD
Optum_DOD,2013,methotrexate,982,0.4504587155963303,Optum_DOD
Optum_DOD,2013,sulfasalazine,111,0.05091743119266055,Optum_DOD
Optum_DOD,2013,leflunomide,87,0.03990825688073395,Optum_DOD
Optum_DOD,2013,hydroxychloroquine,640,0.29357798165137616,Optum_DOD
Optum_DOD,2013,Other DMARDs & Minocycline,279,0.1279816513761468,Optum_DOD
Optum_DOD,2013,methotrexate +  hydroxychloroquine,81,0.037155963302752296,Optum_DOD
Optum_DOD,2014,methotrexate,1010,0.45149754135002235,Optum_DOD
Optum_DOD,2014,sulfasalazine,128,0.057219490388913725,Optum_DOD
Optum_DOD,2014,leflunomide,93,0.041573535985695124,Optum_DOD
Optum_DOD,2014,hydroxychloroquine,656,0.2932498882431828,Optum_DOD
Optum_DOD,2014,Other DMARDs & Minocycline,269,0.1202503352704515,Optum_DOD
Optum_DOD,2014,methotrexate +  hydroxychloroquine,81,0.03620920876173447,Optum_DOD
Optum_DOD,2015,methotrexate,1018,0.4337452066467831,Optum_DOD
Optum_DOD,2015,sulfasalazine,154,0.06561567959096719,Optum_DOD
Optum_DOD,2015,leflunomide,65,0.027694929697486152,Optum_DOD
Optum_DOD,2015,hydroxychloroquine,741,0.31572219855134215,Optum_DOD
Optum_DOD,2015,Other DMARDs & Minocycline,311,0.13250958670643376,Optum_DOD
Optum_DOD,2015,methotrexate +  hydroxychloroquine,58,0.024712398806987643,Optum_DOD
Optum_DOD,2016,methotrexate,1151,0.4466433837795887,Optum_DOD
Optum_DOD,2016,sulfasalazine,135,0.05238649592549476,Optum_DOD
Optum_DOD,2016,leflunomide,106,0.041133100504462554,Optum_DOD
Optum_DOD,2016,hydroxychloroquine,766,0.2972448583624369,Optum_DOD
Optum_DOD,2016,Other DMARDs & Minocycline,348,0.1350407450523865,Optum_DOD
Optum_DOD,2016,methotrexate +  hydroxychloroquine,71,0.027551416375630577,Optum_DOD
Optum_DOD,2017,methotrexate,1411,0.45282413350449296,Optum_DOD
Optum_DOD,2017,sulfasalazine,138,0.044287548138639284,Optum_DOD
Optum_DOD,2017,leflunomide,181,0.05808729139922978,Optum_DOD
Optum_DOD,2017,hydroxychloroquine,884,0.28369704749679076,Optum_DOD
Optum_DOD,2017,Other DMARDs & Minocycline,433,0.1389602053915276,Optum_DOD
Optum_DOD,2017,methotrexate +  hydroxychloroquine,69,0.022143774069319642,Optum_DOD
Optum_DOD,2018,methotrexate,797,0.44952058657642413,Optum_DOD
Optum_DOD,2018,sulfasalazine,111,0.06260575296108291,Optum_DOD
Optum_DOD,2018,leflunomide,93,0.05245346869712352,Optum_DOD
Optum_DOD,2018,hydroxychloroquine,537,0.30287648054145516,Optum_DOD
Optum_DOD,2018,Other DMARDs & Minocycline,193,0.10885504794134236,Optum_DOD
Optum_DOD,2018,methotrexate +  hydroxychloroquine,42,0.023688663282571912,Optum_DOD
MDCR,2008,methotrexate,435,0.48986486486486486,MDCR
MDCR,2008,sulfasalazine,47,0.05292792792792793,MDCR
MDCR,2008,leflunomide,36,0.04054054054054054,MDCR
MDCR,2008,hydroxychloroquine,242,0.2725225225225225,MDCR
MDCR,2008,Other DMARDs & Minocycline,104,0.11711711711711711,MDCR
MDCR,2008,methotrexate +  hydroxychloroquine,24,0.02702702702702703,MDCR
MDCR,2009,methotrexate,403,0.4548532731376975,MDCR
MDCR,2009,sulfasalazine,38,0.04288939051918736,MDCR
MDCR,2009,leflunomide,47,0.05304740406320542,MDCR
MDCR,2009,hydroxychloroquine,256,0.28893905191873587,MDCR
MDCR,2009,Other DMARDs & Minocycline,114,0.12866817155756208,MDCR
MDCR,2009,methotrexate +  hydroxychloroquine,28,0.03160270880361174,MDCR
MDCR,2010,methotrexate,526,0.5038314176245211,MDCR
MDCR,2010,sulfasalazine,52,0.04980842911877394,MDCR
MDCR,2010,leflunomide,39,0.03735632183908046,MDCR
MDCR,2010,hydroxychloroquine,296,0.2835249042145594,MDCR
MDCR,2010,Other DMARDs & Minocycline,103,0.09865900383141762,MDCR
MDCR,2010,methotrexate +  hydroxychloroquine,28,0.02681992337164751,MDCR
MDCR,2011,methotrexate,538,0.47442680776014107,MDCR
MDCR,2011,sulfasalazine,45,0.03968253968253968,MDCR
MDCR,2011,leflunomide,54,0.047619047619047616,MDCR
MDCR,2011,hydroxychloroquine,331,0.29188712522045857,MDCR
MDCR,2011,Other DMARDs & Minocycline,127,0.11199294532627865,MDCR
MDCR,2011,methotrexate +  hydroxychloroquine,39,0.03439153439153439,MDCR
MDCR,2012,methotrexate,519,0.4592920353982301,MDCR
MDCR,2012,sulfasalazine,58,0.05132743362831858,MDCR
MDCR,2012,leflunomide,52,0.04601769911504425,MDCR
MDCR,2012,hydroxychloroquine,338,0.2991150442477876,MDCR
MDCR,2012,Other DMARDs & Minocycline,127,0.11238938053097344,MDCR
MDCR,2012,methotrexate +  hydroxychloroquine,36,0.03185840707964602,MDCR
MDCR,2013,methotrexate,416,0.46952595936794583,MDCR
MDCR,2013,sulfasalazine,37,0.0417607223476298,MDCR
MDCR,2013,leflunomide,44,0.04966139954853273,MDCR
MDCR,2013,hydroxychloroquine,248,0.2799097065462754,MDCR
MDCR,2013,Other DMARDs & Minocycline,115,0.12979683972911962,MDCR
MDCR,2013,methotrexate +  hydroxychloroquine,26,0.029345372460496615,MDCR
MDCR,2014,methotrexate,414,0.43902439024390244,MDCR
MDCR,2014,sulfasalazine,49,0.051961823966065745,MDCR
MDCR,2014,leflunomide,39,0.041357370095440084,MDCR
MDCR,2014,hydroxychloroquine,291,0.30858960763520676,MDCR
MDCR,2014,Other DMARDs & Minocycline,132,0.13997879109225875,MDCR
MDCR,2014,methotrexate +  hydroxychloroquine,18,0.019088016967126194,MDCR
MDCR,2015,methotrexate,364,0.4328180737217598,MDCR
MDCR,2015,sulfasalazine,45,0.0535077288941736,MDCR
MDCR,2015,leflunomide,43,0.05112960760998811,MDCR
MDCR,2015,hydroxychloroquine,250,0.2972651605231867,MDCR
MDCR,2015,Other DMARDs & Minocycline,122,0.1450653983353151,MDCR
MDCR,2015,methotrexate +  hydroxychloroquine,17,0.020214030915576695,MDCR
MDCR,2016,methotrexate,247,0.43409490333919154,MDCR
MDCR,2016,sulfasalazine,24,0.0421792618629174,MDCR
MDCR,2016,leflunomide,24,0.0421792618629174,MDCR
MDCR,2016,hydroxychloroquine,199,0.34973637961335674,MDCR
MDCR,2016,Other DMARDs & Minocycline,64,0.11247803163444639,MDCR
MDCR,2016,methotrexate +  hydroxychloroquine,11,0.019332161687170474,MDCR
MDCR,2017,methotrexate,125,0.40584415584415584,MDCR
MDCR,2017,sulfasalazine,22,0.07142857142857142,MDCR
MDCR,2017,leflunomide,14,0.045454545454545456,MDCR
MDCR,2017,hydroxychloroquine,106,0.34415584415584416,MDCR
MDCR,2017,Other DMARDs & Minocycline,36,0.11688311688311688,MDCR
MDCR,2017,methotrexate +  hydroxychloroquine,5,0.016233766233766232,MDCR
MDCR,2018,methotrexate,63,0.4405594405594406,MDCR
MDCR,2018,sulfasalazine,5,0.03496503496503497,MDCR
MDCR,2018,leflunomide,6,0.04195804195804196,MDCR
MDCR,2018,hydroxychloroquine,47,0.32867132867132864,MDCR
MDCR,2018,Other DMARDs & Minocycline,22,0.15384615384615385,MDCR
MDCD,2008,methotrexate,142,0.45222929936305734,MDCD
MDCD,2008,sulfasalazine,14,0.044585987261146494,MDCD
MDCD,2008,leflunomide,9,0.028662420382165606,MDCD
MDCD,2008,hydroxychloroquine,61,0.1942675159235669,MDCD
MDCD,2008,Other DMARDs & Minocycline,77,0.24522292993630573,MDCD
MDCD,2008,methotrexate +  hydroxychloroquine,11,0.03503184713375796,MDCD
MDCD,2009,methotrexate,145,0.4503105590062112,MDCD
MDCD,2009,sulfasalazine,13,0.040372670807453416,MDCD
MDCD,2009,leflunomide,11,0.034161490683229816,MDCD
MDCD,2009,hydroxychloroquine,76,0.2360248447204969,MDCD
MDCD,2009,Other DMARDs & Minocycline,63,0.1956521739130435,MDCD
MDCD,2009,methotrexate +  hydroxychloroquine,14,0.043478260869565216,MDCD
MDCD,2010,methotrexate,148,0.4484848484848485,MDCD
MDCD,2010,sulfasalazine,11,0.03333333333333333,MDCD
MDCD,2010,leflunomide,9,0.02727272727272727,MDCD
MDCD,2010,hydroxychloroquine,90,0.2727272727272727,MDCD
MDCD,2010,Other DMARDs & Minocycline,60,0.18181818181818182,MDCD
MDCD,2010,methotrexate +  hydroxychloroquine,12,0.03636363636363636,MDCD
MDCD,2011,methotrexate,140,0.4166666666666667,MDCD
MDCD,2011,sulfasalazine,19,0.05654761904761905,MDCD
MDCD,2011,leflunomide,9,0.026785714285714284,MDCD
MDCD,2011,hydroxychloroquine,102,0.30357142857142855,MDCD
MDCD,2011,Other DMARDs & Minocycline,59,0.17559523809523808,MDCD
MDCD,2011,methotrexate +  hydroxychloroquine,7,0.020833333333333332,MDCD
MDCD,2012,methotrexate,138,0.4107142857142857,MDCD
MDCD,2012,sulfasalazine,13,0.03869047619047619,MDCD
MDCD,2012,leflunomide,13,0.03869047619047619,MDCD
MDCD,2012,hydroxychloroquine,100,0.2976190476190476,MDCD
MDCD,2012,Other DMARDs & Minocycline,61,0.18154761904761904,MDCD
MDCD,2012,methotrexate +  hydroxychloroquine,11,0.03273809523809524,MDCD
MDCD,2013,methotrexate,253,0.32645161290322583,MDCD
MDCD,2013,sulfasalazine,24,0.03096774193548387,MDCD
MDCD,2013,leflunomide,21,0.027096774193548386,MDCD
MDCD,2013,hydroxychloroquine,162,0.20903225806451614,MDCD
MDCD,2013,Other DMARDs & Minocycline,298,0.38451612903225807,MDCD
MDCD,2013,methotrexate +  hydroxychloroquine,17,0.02193548387096774,MDCD
MDCD,2014,methotrexate,181,0.42789598108747046,MDCD
MDCD,2014,sulfasalazine,19,0.04491725768321513,MDCD
MDCD,2014,leflunomide,12,0.028368794326241134,MDCD
MDCD,2014,hydroxychloroquine,111,0.2624113475177305,MDCD
MDCD,2014,Other DMARDs & Minocycline,86,0.20330969267139481,MDCD
MDCD,2014,methotrexate +  hydroxychloroquine,14,0.03309692671394799,MDCD
MDCD,2015,methotrexate,325,0.41348600508905853,MDCD
MDCD,2015,sulfasalazine,36,0.04580152671755725,MDCD
MDCD,2015,leflunomide,20,0.02544529262086514,MDCD
MDCD,2015,hydroxychloroquine,243,0.30916030534351147,MDCD
MDCD,2015,Other DMARDs & Minocycline,120,0.15267175572519084,MDCD
MDCD,2015,methotrexate +  hydroxychloroquine,42,0.05343511450381679,MDCD
MDCD,2016,methotrexate,376,0.36328502415458935,MDCD
MDCD,2016,sulfasalazine,39,0.03768115942028986,MDCD
MDCD,2016,leflunomide,29,0.028019323671497585,MDCD
MDCD,2016,hydroxychloroquine,345,0.3333333333333333,MDCD
MDCD,2016,Other DMARDs & Minocycline,205,0.19806763285024154,MDCD
MDCD,2016,methotrexate +  hydroxychloroquine,41,0.03961352657004831,MDCD
MDCD,2017,methotrexate,212,0.4140625,MDCD
MDCD,2017,sulfasalazine,11,0.021484375,MDCD
MDCD,2017,leflunomide,23,0.044921875,MDCD
MDCD,2017,hydroxychloroquine,138,0.26953125,MDCD
MDCD,2017,Other DMARDs & Minocycline,110,0.21484375,MDCD
MDCD,2017,methotrexate +  hydroxychloroquine,18,0.03515625,MDCD
JMDC,2008,methotrexate,13,0.30952380952380953,JMDC
JMDC,2008,sulfasalazine,15,0.35714285714285715,JMDC
JMDC,2008,Other DMARDs & Minocycline,14,0.33333333333333337,JMDC
JMDC,2009,methotrexate,33,0.5409836065573771,JMDC
JMDC,2009,sulfasalazine,19,0.3114754098360656,JMDC
JMDC,2009,Other DMARDs & Minocycline,9,0.14754098360655737,JMDC
JMDC,2010,methotrexate,52,0.4642857142857143,JMDC
JMDC,2010,sulfasalazine,35,0.3125,JMDC
JMDC,2010,Other DMARDs & Minocycline,25,0.2232142857142857,JMDC
JMDC,2011,methotrexate,79,0.5231788079470199,JMDC
JMDC,2011,sulfasalazine,38,0.25165562913907286,JMDC
JMDC,2011,Other DMARDs & Minocycline,34,0.2251655629139073,JMDC
JMDC,2012,methotrexate,112,0.5137614678899083,JMDC
JMDC,2012,sulfasalazine,62,0.28440366972477066,JMDC
JMDC,2012,Other DMARDs & Minocycline,44,0.2018348623853211,JMDC
JMDC,2013,methotrexate,168,0.5217391304347826,JMDC
JMDC,2013,sulfasalazine,87,0.2701863354037267,JMDC
JMDC,2013,Other DMARDs & Minocycline,67,0.2080745341614907,JMDC
JMDC,2014,methotrexate,279,0.5625,JMDC
JMDC,2014,sulfasalazine,122,0.24596774193548387,JMDC
JMDC,2014,Other DMARDs & Minocycline,95,0.19153225806451613,JMDC
JMDC,2015,methotrexate,316,0.5524475524475524,JMDC
JMDC,2015,sulfasalazine,151,0.263986013986014,JMDC
JMDC,2015,Other DMARDs & Minocycline,105,0.18356643356643357,JMDC
JMDC,2016,methotrexate,403,0.533068783068783,JMDC
JMDC,2016,sulfasalazine,200,0.26455026455026454,JMDC
JMDC,2016,Other DMARDs & Minocycline,153,0.20238095238095238,JMDC
JMDC,2017,methotrexate,547,0.5875402792696026,JMDC
JMDC,2017,sulfasalazine,234,0.2513426423200859,JMDC
JMDC,2017,Other DMARDs & Minocycline,150,0.1611170784103115,JMDC
JMDC,2018,methotrexate,143,0.6059322033898306,JMDC
JMDC,2018,sulfasalazine,54,0.2288135593220339,JMDC
JMDC,2018,Other DMARDs & Minocycline,39,0.1652542372881356,JMDC
IPCI,2008,methotrexate,11,0.5789473684210527,IPCI
IPCI,2008,Other DMARDs & Minocycline,8,0.42105263157894735,IPCI
IPCI,2009,methotrexate,17,0.5862068965517241,IPCI
IPCI,2009,hydroxychloroquine,7,0.2413793103448276,IPCI
IPCI,2009,Other DMARDs & Minocycline,5,0.1724137931034483,IPCI
IPCI,2010,methotrexate,26,0.4406779661016949,IPCI
IPCI,2010,sulfasalazine,7,0.11864406779661017,IPCI
IPCI,2010,hydroxychloroquine,15,0.2542372881355932,IPCI
IPCI,2010,Other DMARDs & Minocycline,11,0.1864406779661017,IPCI
IPCI,2011,methotrexate,19,0.3333333333333333,IPCI
IPCI,2011,sulfasalazine,5,0.08771929824561403,IPCI
IPCI,2011,hydroxychloroquine,16,0.2807017543859649,IPCI
IPCI,2011,Other DMARDs & Minocycline,17,0.2982456140350877,IPCI
IPCI,2012,methotrexate,38,0.48717948717948717,IPCI
IPCI,2012,hydroxychloroquine,20,0.2564102564102564,IPCI
IPCI,2012,Other DMARDs & Minocycline,20,0.2564102564102564,IPCI
IPCI,2013,methotrexate,53,0.6309523809523809,IPCI
IPCI,2013,hydroxychloroquine,19,0.2261904761904762,IPCI
IPCI,2013,Other DMARDs & Minocycline,7,0.08333333333333333,IPCI
IPCI,2013,methotrexate +  hydroxychloroquine,5,0.05952380952380952,IPCI
IPCI,2014,methotrexate,49,0.6363636363636364,IPCI
IPCI,2014,sulfasalazine,5,0.06493506493506493,IPCI
IPCI,2014,hydroxychloroquine,12,0.15584415584415584,IPCI
IPCI,2014,Other DMARDs & Minocycline,6,0.07792207792207792,IPCI
IPCI,2014,methotrexate +  hydroxychloroquine,5,0.06493506493506493,IPCI
IPCI,2015,methotrexate,44,0.5714285714285714,IPCI
IPCI,2015,sulfasalazine,6,0.07792207792207792,IPCI
IPCI,2015,hydroxychloroquine,19,0.24675324675324675,IPCI
IPCI,2015,Other DMARDs & Minocycline,8,0.1038961038961039,IPCI
IPCI,2016,methotrexate,62,0.5210084033613446,IPCI
IPCI,2016,sulfasalazine,9,0.07563025210084033,IPCI
IPCI,2016,hydroxychloroquine,28,0.23529411764705882,IPCI
IPCI,2016,Other DMARDs & Minocycline,8,0.06722689075630252,IPCI
IPCI,2016,methotrexate +  hydroxychloroquine,12,0.10084033613445378,IPCI
IPCI,2017,methotrexate,65,0.5462184873949579,IPCI
IPCI,2017,sulfasalazine,6,0.05042016806722689,IPCI
IPCI,2017,hydroxychloroquine,27,0.226890756302521,IPCI
IPCI,2017,Other DMARDs & Minocycline,10,0.08403361344537816,IPCI
IPCI,2017,methotrexate +  hydroxychloroquine,11,0.09243697478991597,IPCI
France,2010,methotrexate,9,0.75,France
France,2010,Other DMARDs & Minocycline,3,0.25,France
France,2011,methotrexate,32,0.6808510638297872,France
France,2011,hydroxychloroquine,8,0.1702127659574468,France
France,2011,Other DMARDs & Minocycline,7,0.14893617021276595,France
France,2012,methotrexate,36,0.72,France
France,2012,hydroxychloroquine,7,0.14,France
France,2012,Other DMARDs & Minocycline,7,0.14,France
France,2013,methotrexate,26,0.7222222222222222,France
France,2013,Other DMARDs & Minocycline,10,0.2777777777777778,France
France,2014,methotrexate,16,0.6666666666666666,France
France,2014,Other DMARDs & Minocycline,8,0.3333333333333333,France
France,2015,methotrexate,40,0.7547169811320755,France
France,2015,hydroxychloroquine,8,0.1509433962264151,France
France,2015,Other DMARDs & Minocycline,5,0.09433962264150943,France
France,2016,methotrexate,37,0.8043478260869565,France
France,2016,Other DMARDs & Minocycline,9,0.19565217391304346,France
France,2017,methotrexate,38,0.7755102040816326,France
France,2017,sulfasalazine,5,0.10204081632653061,France
France,2017,Other DMARDs & Minocycline,6,0.12244897959183673,France
France,2018,methotrexate,17,0.85,France
France,2018,Other DMARDs & Minocycline,3,0.15000000000000002,France
Estonia,2012,methotrexate,37,0.40217391304347827,Estonia
Estonia,2012,sulfasalazine,14,0.15217391304347827,Estonia
Estonia,2012,leflunomide,6,0.06521739130434782,Estonia
Estonia,2012,hydroxychloroquine,22,0.2391304347826087,Estonia
Estonia,2012,Other DMARDs & Minocycline,13,0.14130434782608695,Estonia
Estonia,2013,methotrexate,478,0.4714003944773176,Estonia
Estonia,2013,sulfasalazine,140,0.13806706114398423,Estonia
Estonia,2013,leflunomide,71,0.07001972386587771,Estonia
Estonia,2013,hydroxychloroquine,156,0.15384615384615385,Estonia
Estonia,2013,Other DMARDs & Minocycline,113,0.11143984220907298,Estonia
Estonia,2013,methotrexate +  hydroxychloroquine,56,0.055226824457593686,Estonia
Estonia,2014,methotrexate,233,0.5087336244541485,Estonia
Estonia,2014,sulfasalazine,50,0.1091703056768559,Estonia
Estonia,2014,leflunomide,21,0.04585152838427948,Estonia
Estonia,2014,hydroxychloroquine,102,0.22270742358078602,Estonia
Estonia,2014,Other DMARDs & Minocycline,36,0.07860262008733623,Estonia
Estonia,2014,methotrexate +  hydroxychloroquine,16,0.034934497816593885,Estonia
Estonia,2015,methotrexate,136,0.5093632958801498,Estonia
Estonia,2015,sulfasalazine,30,0.11235955056179775,Estonia
Estonia,2015,leflunomide,8,0.0299625468164794,Estonia
Estonia,2015,hydroxychloroquine,76,0.2846441947565543,Estonia
Estonia,2015,Other DMARDs & Minocycline,11,0.04119850187265918,Estonia
Estonia,2015,methotrexate +  hydroxychloroquine,6,0.02247191011235955,Estonia
CCAE,2008,methotrexate,1452,0.4605137963843958,CCAE
CCAE,2008,sulfasalazine,179,0.056771328893117666,CCAE
CCAE,2008,leflunomide,71,0.02251823660006343,CCAE
CCAE,2008,hydroxychloroquine,891,0.2825880114176974,CCAE
CCAE,2008,Other DMARDs & Minocycline,445,0.14113542657786235,CCAE
CCAE,2008,methotrexate +  hydroxychloroquine,115,0.0364732001268633,CCAE
CCAE,2009,methotrexate,1598,0.4634570765661253,CCAE
CCAE,2009,sulfasalazine,207,0.06003480278422274,CCAE
CCAE,2009,leflunomide,103,0.029872389791183295,CCAE
CCAE,2009,hydroxychloroquine,969,0.2810324825986079,CCAE
CCAE,2009,Other DMARDs & Minocycline,439,0.12732018561484917,CCAE
CCAE,2009,methotrexate +  hydroxychloroquine,132,0.0382830626450116,CCAE
CCAE,2010,methotrexate,1740,0.4562139486103828,CCAE
CCAE,2010,sulfasalazine,200,0.05243838489774515,CCAE
CCAE,2010,leflunomide,88,0.023072889355007866,CCAE
CCAE,2010,hydroxychloroquine,1131,0.29653906659674883,CCAE
CCAE,2010,Other DMARDs & Minocycline,525,0.13765076035658103,CCAE
CCAE,2010,methotrexate +  hydroxychloroquine,130,0.03408495018353435,CCAE
CCAE,2011,methotrexate,2104,0.4454795680711412,CCAE
CCAE,2011,sulfasalazine,273,0.05780224433622697,CCAE
CCAE,2011,leflunomide,106,0.02244336226974381,CCAE
CCAE,2011,hydroxychloroquine,1418,0.3002329028160068,CCAE
CCAE,2011,Other DMARDs & Minocycline,655,0.13868304044039806,CCAE
CCAE,2011,methotrexate +  hydroxychloroquine,167,0.03535888206648317,CCAE
CCAE,2012,methotrexate,1752,0.45412130637636083,CCAE
CCAE,2012,sulfasalazine,203,0.05261793675479523,CCAE
CCAE,2012,leflunomide,102,0.026438569206842923,CCAE
CCAE,2012,hydroxychloroquine,1179,0.30559875583203733,CCAE
CCAE,2012,Other DMARDs & Minocycline,491,0.1272680145152929,CCAE
CCAE,2012,methotrexate +  hydroxychloroquine,131,0.03395541731467081,CCAE
CCAE,2013,methotrexate,1697,0.45435073627844713,CCAE
CCAE,2013,sulfasalazine,207,0.05542168674698795,CCAE
CCAE,2013,leflunomide,75,0.020080321285140562,CCAE
CCAE,2013,hydroxychloroquine,1127,0.30174029451137885,CCAE
CCAE,2013,Other DMARDs & Minocycline,494,0.1322623828647925,CCAE
CCAE,2013,methotrexate +  hydroxychloroquine,135,0.03614457831325301,CCAE
CCAE,2014,methotrexate,1562,0.4287674993137524,CCAE
CCAE,2014,sulfasalazine,203,0.05572330496843261,CCAE
CCAE,2014,leflunomide,103,0.02827340104309635,CCAE
CCAE,2014,hydroxychloroquine,1127,0.3093604172385397,CCAE
CCAE,2014,Other DMARDs & Minocycline,513,0.140818007136975,CCAE
CCAE,2014,methotrexate +  hydroxychloroquine,135,0.03705737029920395,CCAE
CCAE,2015,methotrexate,1602,0.43686937551131716,CCAE
CCAE,2015,sulfasalazine,202,0.05508590128170166,CCAE
CCAE,2015,leflunomide,96,0.02617943823288792,CCAE
CCAE,2015,hydroxychloroquine,1148,0.3130624488682847,CCAE
CCAE,2015,Other DMARDs & Minocycline,490,0.13362421598036542,CCAE
CCAE,2015,methotrexate +  hydroxychloroquine,129,0.03517862012544314,CCAE
CCAE,2016,methotrexate,1343,0.4323889246619446,CCAE
CCAE,2016,sulfasalazine,180,0.05795235028976175,CCAE
CCAE,2016,leflunomide,84,0.02704443013522215,CCAE
CCAE,2016,hydroxychloroquine,1019,0.3280746941403735,CCAE
CCAE,2016,Other DMARDs & Minocycline,394,0.12685125563425628,CCAE
CCAE,2016,methotrexate +  hydroxychloroquine,86,0.027688345138441726,CCAE
CCAE,2017,methotrexate,1227,0.4324991187874515,CCAE
CCAE,2017,sulfasalazine,162,0.05710257314064152,CCAE
CCAE,2017,leflunomide,85,0.029961226647867465,CCAE
CCAE,2017,hydroxychloroquine,890,0.3137116672541417,CCAE
CCAE,2017,Other DMARDs & Minocycline,394,0.13887909763835038,CCAE
CCAE,2017,methotrexate +  hydroxychloroquine,79,0.02784631653154741,CCAE
CCAE,2018,methotrexate,722,0.44956413449564137,CCAE
CCAE,2018,sulfasalazine,77,0.04794520547945205,CCAE
CCAE,2018,leflunomide,69,0.04296388542963885,CCAE
CCAE,2018,hydroxychloroquine,473,0.2945205479452055,CCAE
CCAE,2018,Other DMARDs & Minocycline,226,0.14072229140722292,CCAE
CCAE,2018,methotrexate +  hydroxychloroquine,39,0.024283935242839352,CCAE
Belgium,2009,methotrexate,111,0.6453488372093024,Belgium
Belgium,2009,sulfasalazine,14,0.08139534883720931,Belgium
Belgium,2009,leflunomide,15,0.0872093023255814,Belgium
Belgium,2009,hydroxychloroquine,18,0.10465116279069768,Belgium
Belgium,2009,Other DMARDs & Minocycline,14,0.08139534883720931,Belgium
Belgium,2010,methotrexate,60,0.5769230769230769,Belgium
Belgium,2010,sulfasalazine,14,0.1346153846153846,Belgium
Belgium,2010,leflunomide,10,0.09615384615384616,Belgium
Belgium,2010,hydroxychloroquine,12,0.11538461538461539,Belgium
Belgium,2010,Other DMARDs & Minocycline,8,0.07692307692307693,Belgium
Belgium,2011,methotrexate,62,0.7294117647058823,Belgium
Belgium,2011,leflunomide,7,0.08235294117647059,Belgium
Belgium,2011,hydroxychloroquine,8,0.09411764705882353,Belgium
Belgium,2011,Other DMARDs & Minocycline,8,0.09411764705882353,Belgium
Belgium,2012,methotrexate,60,0.6896551724137931,Belgium
Belgium,2012,sulfasalazine,7,0.08045977011494253,Belgium
Belgium,2012,leflunomide,5,0.05747126436781609,Belgium
Belgium,2012,hydroxychloroquine,13,0.14942528735632185,Belgium
Belgium,2012,Other DMARDs & Minocycline,2,0.022988505747126436,Belgium
Belgium,2013,methotrexate,43,0.7166666666666667,Belgium
Belgium,2013,leflunomide,6,0.1,Belgium
Belgium,2013,Other DMARDs & Minocycline,11,0.18333333333333332,Belgium
Belgium,2014,methotrexate,62,0.6813186813186813,Belgium
Belgium,2014,sulfasalazine,7,0.07692307692307693,Belgium
Belgium,2014,leflunomide,13,0.14285714285714285,Belgium
Belgium,2014,hydroxychloroquine,6,0.06593406593406594,Belgium
Belgium,2014,Other DMARDs & Minocycline,3,0.03296703296703297,Belgium
Belgium,2015,methotrexate,52,0.7878787878787878,Belgium
Belgium,2015,hydroxychloroquine,6,0.09090909090909091,Belgium
Belgium,2015,Other DMARDs & Minocycline,8,0.12121212121212122,Belgium
Belgium,2016,methotrexate,31,0.5636363636363636,Belgium
Belgium,2016,sulfasalazine,5,0.09090909090909091,Belgium
Belgium,2016,leflunomide,5,0.09090909090909091,Belgium
Belgium,2016,hydroxychloroquine,7,0.12727272727272726,Belgium
Belgium,2016,Other DMARDs & Minocycline,7,0.12727272727272726,Belgium
Belgium,2017,methotrexate,39,0.75,Belgium
Belgium,2017,leflunomide,5,0.09615384615384616,Belgium
Belgium,2017,Other DMARDs & Minocycline,8,0.15384615384615385,Belgium
Australia,2009,methotrexate,40,0.3508771929824561,Australia
Australia,2009,sulfasalazine,18,0.15789473684210525,Australia
Australia,2009,leflunomide,16,0.14035087719298245,Australia
Australia,2009,hydroxychloroquine,29,0.2543859649122807,Australia
Australia,2009,Other DMARDs & Minocycline,11,0.09649122807017543,Australia
Australia,2010,methotrexate,32,0.4266666666666667,Australia
Australia,2010,sulfasalazine,8,0.10666666666666667,Australia
Australia,2010,leflunomide,5,0.06666666666666667,Australia
Australia,2010,hydroxychloroquine,22,0.29333333333333333,Australia
Australia,2010,Other DMARDs & Minocycline,8,0.10666666666666667,Australia
Australia,2011,methotrexate,30,0.43478260869565216,Australia
Australia,2011,sulfasalazine,5,0.07246376811594203,Australia
Australia,2011,leflunomide,8,0.11594202898550725,Australia
Australia,2011,hydroxychloroquine,22,0.3188405797101449,Australia
Australia,2011,Other DMARDs & Minocycline,4,0.057971014492753624,Australia
Australia,2012,methotrexate,16,0.35555555555555557,Australia
Australia,2012,sulfasalazine,8,0.17777777777777778,Australia
Australia,2012,hydroxychloroquine,15,0.3333333333333333,Australia
Australia,2012,Other DMARDs & Minocycline,6,0.13333333333333333,Australia
Australia,2013,methotrexate,12,0.2926829268292683,Australia
Australia,2013,sulfasalazine,8,0.1951219512195122,Australia
Australia,2013,hydroxychloroquine,14,0.34146341463414637,Australia
Australia,2013,Other DMARDs & Minocycline,7,0.17073170731707316,Australia
Australia,2014,methotrexate,23,0.46,Australia
Australia,2014,hydroxychloroquine,17,0.34,Australia
Australia,2014,Other DMARDs & Minocycline,10,0.2,Australia
Australia,2015,methotrexate,12,0.3,Australia
Australia,2015,sulfasalazine,5,0.125,Australia
Australia,2015,leflunomide,8,0.2,Australia
Australia,2015,hydroxychloroquine,11,0.275,Australia
Australia,2015,Other DMARDs & Minocycline,4,0.1,Australia
Australia,2016,methotrexate,15,0.4838709677419355,Australia
Australia,2016,hydroxychloroquine,10,0.3225806451612903,Australia
Australia,2016,Other DMARDs & Minocycline,6,0.1935483870967742,Australia
Australia,2017,methotrexate,18,0.2465753424657534,Australia
Australia,2017,sulfasalazine,6,0.0821917808219178,Australia
Australia,2017,leflunomide,12,0.1643835616438356,Australia
Australia,2017,hydroxychloroquine,23,0.3150684931506849,Australia
Australia,2017,Other DMARDs & Minocycline,8,0.1095890410958904,Australia
Australia,2017,methotrexate +  hydroxychloroquine,6,0.0821917808219178,Australia
AmbEMR,2008,methotrexate,1184,0.34579439252336447,AmbEMR
AmbEMR,2008,sulfasalazine,113,0.03300233644859813,AmbEMR
AmbEMR,2008,leflunomide,234,0.0683411214953271,AmbEMR
AmbEMR,2008,hydroxychloroquine,692,0.20210280373831777,AmbEMR
AmbEMR,2008,Other DMARDs & Minocycline,1067,0.3116238317757009,AmbEMR
AmbEMR,2008,methotrexate +  hydroxychloroquine,134,0.039135514018691586,AmbEMR
AmbEMR,2009,methotrexate,1599,0.34874591057797166,AmbEMR
AmbEMR,2009,sulfasalazine,136,0.02966194111232279,AmbEMR
AmbEMR,2009,leflunomide,281,0.06128680479825518,AmbEMR
AmbEMR,2009,hydroxychloroquine,919,0.2004362050163577,AmbEMR
AmbEMR,2009,Other DMARDs & Minocycline,1433,0.3125408942202835,AmbEMR
AmbEMR,2009,methotrexate +  hydroxychloroquine,217,0.04732824427480916,AmbEMR
AmbEMR,2010,methotrexate,1982,0.3645392679786647,AmbEMR
AmbEMR,2010,sulfasalazine,178,0.03273864263380541,AmbEMR
AmbEMR,2010,leflunomide,282,0.051866838329961376,AmbEMR
AmbEMR,2010,hydroxychloroquine,1096,0.20158175464410522,AmbEMR
AmbEMR,2010,Other DMARDs & Minocycline,1661,0.30549935626264485,AmbEMR
AmbEMR,2010,methotrexate +  hydroxychloroquine,238,0.043774140150818465,AmbEMR
AmbEMR,2011,methotrexate,3146,0.3329805249788315,AmbEMR
AmbEMR,2011,sulfasalazine,338,0.03577476714648603,AmbEMR
AmbEMR,2011,leflunomide,584,0.06181202370872142,AmbEMR
AmbEMR,2011,hydroxychloroquine,2020,0.21380186282811178,AmbEMR
AmbEMR,2011,Other DMARDs & Minocycline,3034,0.32112616426756985,AmbEMR
AmbEMR,2011,methotrexate +  hydroxychloroquine,326,0.03450465707027942,AmbEMR
AmbEMR,2012,methotrexate,3542,0.3418588939291574,AmbEMR
AmbEMR,2012,sulfasalazine,305,0.029437313000675612,AmbEMR
AmbEMR,2012,leflunomide,587,0.05665476305375929,AmbEMR
AmbEMR,2012,hydroxychloroquine,2289,0.2209246211755622,AmbEMR
AmbEMR,2012,Other DMARDs & Minocycline,3281,0.3166682752630055,AmbEMR
AmbEMR,2012,methotrexate +  hydroxychloroquine,357,0.03445613357783998,AmbEMR
AmbEMR,2013,methotrexate,2384,0.3243537414965986,AmbEMR
AmbEMR,2013,sulfasalazine,231,0.03142857142857143,AmbEMR
AmbEMR,2013,leflunomide,429,0.05836734693877551,AmbEMR
AmbEMR,2013,hydroxychloroquine,1837,0.24993197278911564,AmbEMR
AmbEMR,2013,Other DMARDs & Minocycline,2152,0.2927891156462585,AmbEMR
AmbEMR,2013,methotrexate +  hydroxychloroquine,317,0.04312925170068027,AmbEMR
AmbEMR,2014,methotrexate,3867,0.31060240963855423,AmbEMR
AmbEMR,2014,sulfasalazine,422,0.03389558232931727,AmbEMR
AmbEMR,2014,leflunomide,699,0.056144578313253014,AmbEMR
AmbEMR,2014,hydroxychloroquine,2584,0.20755020080321285,AmbEMR
AmbEMR,2014,Other DMARDs & Minocycline,4352,0.3495582329317269,AmbEMR
AmbEMR,2014,methotrexate +  hydroxychloroquine,526,0.04224899598393574,AmbEMR
AmbEMR,2015,methotrexate,3107,0.3243553606848314,AmbEMR
AmbEMR,2015,sulfasalazine,322,0.03361519991648398,AmbEMR
AmbEMR,2015,leflunomide,506,0.052823885583046244,AmbEMR
AmbEMR,2015,hydroxychloroquine,2254,0.23530639941538783,AmbEMR
AmbEMR,2015,Other DMARDs & Minocycline,3024,0.31569057312871907,AmbEMR
AmbEMR,2015,methotrexate +  hydroxychloroquine,366,0.038208581271531476,AmbEMR
AmbEMR,2016,methotrexate,2953,0.3333333333333333,AmbEMR
AmbEMR,2016,sulfasalazine,331,0.03736313353651654,AmbEMR
AmbEMR,2016,leflunomide,456,0.051473078225533354,AmbEMR
AmbEMR,2016,hydroxychloroquine,2140,0.24156225307596793,AmbEMR
AmbEMR,2016,Other DMARDs & Minocycline,2646,0.298679309177108,AmbEMR
AmbEMR,2016,methotrexate +  hydroxychloroquine,333,0.037588892651540806,AmbEMR
AmbEMR,2017,methotrexate,2527,0.3325,AmbEMR
AmbEMR,2017,sulfasalazine,289,0.038026315789473686,AmbEMR
AmbEMR,2017,leflunomide,388,0.05105263157894737,AmbEMR
AmbEMR,2017,hydroxychloroquine,1877,0.24697368421052632,AmbEMR
AmbEMR,2017,Other DMARDs & Minocycline,2255,0.2967105263157895,AmbEMR
AmbEMR,2017,methotrexate +  hydroxychloroquine,264,0.034736842105263156,AmbEMR
AmbEMR,2018,methotrexate,645,0.3511159499183451,AmbEMR
AmbEMR,2018,sulfasalazine,74,0.040283070223189985,AmbEMR
AmbEMR,2018,leflunomide,106,0.05770277626565052,AmbEMR
AmbEMR,2018,hydroxychloroquine,437,0.23788786064235165,AmbEMR
AmbEMR,2018,Other DMARDs & Minocycline,522,0.2841589548176375,AmbEMR
AmbEMR,2018,methotrexate +  hydroxychloroquine,53,0.02885138813282526,AmbEMR
